language,seed,step,gmean_ppl
cald_shuf,0,100,1130.8187
cald_shuf,0,300,2052.0472
cald_shuf,0,500,1554.5446
cald_shuf,0,1000,1523.2624
cald_shuf,0,2000,1810.5656
cald_shuf,0,3000,1952.3818
fixed_end,0,100,144.0936
fixed_end,0,300,264.1889
fixed_end,0,500,115.1227
fixed_end,0,1000,56.5122
fixed_end,0,2000,33.7825
fixed_end,0,3000,30.5466
fixed_end,14,100,138.5829
fixed_end,14,300,72.7652
fixed_end,14,500,51.2542
fixed_end,14,1000,34.6265
fixed_end,14,2000,28.7422
fixed_end,14,3000,26.6513
fixed_end,41,100,144.2467
fixed_end,41,300,77.3211
fixed_end,41,500,90.6878
fixed_end,41,1000,40.6373
fixed_end,41,2000,30.6988
fixed_end,41,3000,28.0485
fixed_start,0,100,307.791
fixed_start,0,300,1714.8748
fixed_start,0,500,247.0023
fixed_start,0,1000,98.866
fixed_start,0,2000,67.0557
fixed_start,0,3000,61.1777
fixed_start,14,100,310.4542
fixed_start,14,300,163.4661
fixed_start,14,500,254.5629
fixed_start,14,1000,104.2911
fixed_start,14,2000,68.2603
fixed_start,14,3000,61.293
fixed_start,41,100,301.2615
fixed_start,41,300,156.5096
fixed_start,41,500,305.3832
fixed_start,41,1000,110.5678
fixed_start,41,2000,70.5602
fixed_start,41,3000,63.2733
fixed_start,53,100,307.2563
fixed_start,53,300,204.5783
fixed_start,53,500,282.7652
fixed_start,53,1000,122.9238
fixed_start,53,2000,72.0802
fixed_start,53,3000,65.3074
fixed_start,96,100,294.6364
fixed_start,96,300,152.3309
fixed_start,96,500,104.4639
fixed_start,96,1000,71.2029
fixed_start,96,2000,59.0546
fixed_start,96,3000,54.8331
negtok,0,100,213.5188
negtok,0,300,812.8765
negtok,0,500,95.9464
negtok,0,1000,57.9755
negtok,0,2000,44.8041
negtok,0,3000,39.4066
negtok,14,100,221.4033
negtok,14,300,106.7712
negtok,14,500,112.6346
negtok,14,1000,58.2211
negtok,14,2000,43.4836
negtok,14,3000,39.6384
negtok,41,100,220.2476
negtok,41,300,105.6813
negtok,41,500,132.5911
negtok,41,1000,61.9535
negtok,41,2000,44.8958
negtok,41,3000,40.0625
negtok,53,100,216.1969
negtok,53,300,106.1204
negtok,53,500,94.3044
negtok,53,1000,54.3447
negtok,53,2000,44.5979
negtok,53,3000,39.5034
negtok,96,100,219.977
negtok,96,300,108.7946
negtok,96,500,152.5746
negtok,96,1000,66.8613
negtok,96,2000,45.5431
negtok,96,3000,40.6163
not_random,0,100,219.9599
not_random,0,300,124.933
not_random,0,500,95.532
not_random,0,1000,54.7689
not_random,0,2000,44.5543
not_random,0,3000,41.0166
not_random,14,100,227.719
not_random,14,300,460.6175
not_random,14,500,99.148
not_random,14,1000,58.5704
not_random,14,2000,44.3267
not_random,14,3000,41.4691
not_random,41,100,214.5687
not_random,41,300,109.7084
not_random,41,500,130.3313
not_random,41,1000,58.4771
not_random,41,2000,45.2584
not_random,41,3000,41.1342
parity_tok,0,100,231.3151
parity_tok,0,300,117.8361
parity_tok,0,500,110.0505
parity_tok,0,1000,60.0461
parity_tok,0,2000,46.3123
parity_tok,0,3000,42.3508
parity_tok,14,100,236.0313
parity_tok,14,300,122.451
parity_tok,14,500,132.9879
parity_tok,14,1000,64.5325
parity_tok,14,2000,48.2951
parity_tok,14,3000,42.8325
parity_tok,41,100,243.5125
parity_tok,41,300,457.4111
parity_tok,41,500,118.4375
parity_tok,41,1000,64.6067
parity_tok,41,2000,47.4869
parity_tok,41,3000,43.1419
parity_tok,53,100,243.4979
parity_tok,53,300,121.8979
parity_tok,53,500,104.1415
parity_tok,53,1000,61.2145
parity_tok,53,2000,47.1026
parity_tok,53,3000,43.4643
parity_tok,96,100,223.1718
parity_tok,96,300,120.2656
parity_tok,96,500,105.0433
parity_tok,96,1000,59.1385
parity_tok,96,2000,46.2099
parity_tok,96,3000,41.8515
parity_word,0,100,204.9517
parity_word,0,300,210.4414
parity_word,0,500,102.5219
parity_word,0,1000,52.1398
parity_word,0,2000,40.5412
parity_word,0,3000,37.1008
parity_word,14,100,211.4437
parity_word,14,300,189.6028
parity_word,14,500,101.2406
parity_word,14,1000,53.2524
parity_word,14,2000,40.5976
parity_word,14,3000,37.3838
parity_word,41,100,205.0217
parity_word,41,300,108.0721
parity_word,41,500,94.4194
parity_word,41,1000,54.1834
parity_word,41,2000,41.0271
parity_word,41,3000,37.488
parity_word,53,100,204.6379
parity_word,53,300,108.398
parity_word,53,500,109.6006
parity_word,53,1000,54.0997
parity_word,53,2000,40.8886
parity_word,53,3000,37.6739
parity_word,96,100,218.502
parity_word,96,300,113.9388
parity_word,96,500,94.1713
parity_word,96,1000,53.152
parity_word,96,2000,40.1483
parity_word,96,3000,36.9893
reverse_control,0,100,287.9954
reverse_control,0,300,150.2377
reverse_control,0,500,107.1931
reverse_control,0,1000,60.3427
reverse_control,0,2000,47.0866
reverse_control,0,3000,42.7539
reverse_control,14,100,278.5465
reverse_control,14,300,252.3686
reverse_control,14,500,116.3412
reverse_control,14,1000,60.524
reverse_control,14,2000,47.756
reverse_control,14,3000,43.6693
reverse_control,41,100,275.0087
reverse_control,41,300,210.5823
reverse_control,41,500,125.0926
reverse_control,41,1000,64.2162
reverse_control,41,2000,47.4855
reverse_control,41,3000,43.7622
reverse_full,0,100,448.6865
reverse_full,0,300,262.3398
reverse_full,0,500,205.823
reverse_full,0,1000,89.1793
reverse_full,0,2000,72.1841
reverse_full,0,3000,65.8325
reverse_full,14,100,448.2718
reverse_full,14,300,220.0673
reverse_full,14,500,198.1985
reverse_full,14,1000,98.3144
reverse_full,14,2000,75.0724
reverse_full,14,3000,68.4308
reverse_full,41,100,421.0635
reverse_full,41,300,219.1315
reverse_full,41,500,214.7056
reverse_full,41,1000,93.3113
reverse_full,41,2000,72.3477
reverse_full,41,3000,67.7855
reverse_full,53,100,449.7592
reverse_full,53,300,377.8166
reverse_full,53,500,224.9692
reverse_full,53,1000,115.8823
reverse_full,53,2000,74.8328
reverse_full,53,3000,68.1588
reverse_full,96,100,449.885
reverse_full,96,300,231.9034
reverse_full,96,500,235.3001
reverse_full,96,1000,95.5222
reverse_full,96,2000,71.6728
reverse_full,96,3000,65.8915
reverse_partial,0,100,296.5246
reverse_partial,0,300,183.4708
reverse_partial,0,500,124.9658
reverse_partial,0,1000,68.4931
reverse_partial,0,2000,50.1966
reverse_partial,0,3000,46.02
reverse_partial,14,100,331.9627
reverse_partial,14,300,194.7757
reverse_partial,14,500,119.7641
reverse_partial,14,1000,65.7271
reverse_partial,14,2000,52.4408
reverse_partial,14,3000,46.5018
reverse_partial,41,100,328.9735
reverse_partial,41,300,189.7434
reverse_partial,41,500,115.4053
reverse_partial,41,1000,67.5243
reverse_partial,41,2000,50.9298
reverse_partial,41,3000,47.373
shuffle_control,0,100,300.2972
shuffle_control,0,300,138.669
shuffle_control,0,500,340.0335
shuffle_control,0,1000,122.8611
shuffle_control,0,2000,57.8973
shuffle_control,0,3000,50.9963
shuffle_control,14,100,309.2281
shuffle_control,14,300,145.2167
shuffle_control,14,500,102.5934
shuffle_control,14,1000,59.9075
shuffle_control,14,2000,48.4472
shuffle_control,14,3000,44.53
shuffle_control,41,100,296.689
shuffle_control,41,300,142.7005
shuffle_control,41,500,91.481
shuffle_control,41,1000,59.9142
shuffle_control,41,2000,49.4347
shuffle_control,41,3000,45.1877
shuffle_control,53,100,296.1988
shuffle_control,53,300,138.058
shuffle_control,53,500,298.397
shuffle_control,53,1000,101.17
shuffle_control,53,2000,56.7363
shuffle_control,53,3000,49.562
shuffle_control,96,100,288.8567
shuffle_control,96,300,154.942
shuffle_control,96,500,163.0951
shuffle_control,96,1000,70.657
shuffle_control,96,2000,50.596
shuffle_control,96,3000,45.5221
shuffle_deterministic21,0,100,939.8486
shuffle_deterministic21,0,300,839.3014
shuffle_deterministic21,0,500,458.3137
shuffle_deterministic21,0,1000,323.5451
shuffle_deterministic21,0,2000,248.5787
shuffle_deterministic21,0,3000,210.1431
shuffle_deterministic21,14,100,949.4063
shuffle_deterministic21,14,300,789.6246
shuffle_deterministic21,14,500,502.5224
shuffle_deterministic21,14,1000,285.4639
shuffle_deterministic21,14,2000,231.9522
shuffle_deterministic21,14,3000,205.0849
shuffle_deterministic21,41,100,941.9101
shuffle_deterministic21,41,300,737.6557
shuffle_deterministic21,41,500,477.5979
shuffle_deterministic21,41,1000,283.6139
shuffle_deterministic21,41,2000,237.359
shuffle_deterministic21,41,3000,201.6079
shuffle_even_odd,0,100,654.7867
shuffle_even_odd,0,300,700.4012
shuffle_even_odd,0,500,331.0703
shuffle_even_odd,0,1000,128.7884
shuffle_even_odd,0,2000,71.1241
shuffle_even_odd,0,3000,63.9364
shuffle_even_odd,14,100,633.1973
shuffle_even_odd,14,300,511.0195
shuffle_even_odd,14,500,296.4577
shuffle_even_odd,14,1000,106.434
shuffle_even_odd,14,2000,73.2854
shuffle_even_odd,14,3000,62.6452
shuffle_even_odd,41,100,649.7215
shuffle_even_odd,41,300,420.9947
shuffle_even_odd,41,500,274.6673
shuffle_even_odd,41,1000,103.9225
shuffle_even_odd,41,2000,73.5263
shuffle_even_odd,41,3000,64.017
shuffle_local10,0,100,835.2716
shuffle_local10,0,300,616.4451
shuffle_local10,0,500,405.2026
shuffle_local10,0,1000,158.4095
shuffle_local10,0,2000,106.0324
shuffle_local10,0,3000,97.3185
shuffle_local10,14,100,850.1679
shuffle_local10,14,300,596.9781
shuffle_local10,14,500,348.6575
shuffle_local10,14,1000,151.9682
shuffle_local10,14,2000,104.7189
shuffle_local10,14,3000,92.5439
shuffle_local10,41,100,860.9172
shuffle_local10,41,300,610.155
shuffle_local10,41,500,403.7984
shuffle_local10,41,1000,149.1733
shuffle_local10,41,2000,106.5219
shuffle_local10,41,3000,95.2175
shuffle_local3,0,100,755.4486
shuffle_local3,0,300,512.2123
shuffle_local3,0,500,186.4456
shuffle_local3,0,1000,99.1136
shuffle_local3,0,2000,75.6736
shuffle_local3,0,3000,70.733
shuffle_local3,14,100,773.5061
shuffle_local3,14,300,551.02
shuffle_local3,14,500,170.3715
shuffle_local3,14,1000,106.5158
shuffle_local3,14,2000,80.8535
shuffle_local3,14,3000,69.3166
shuffle_local3,41,100,726.3147
shuffle_local3,41,300,559.5583
shuffle_local3,41,500,169.537
shuffle_local3,41,1000,103.5901
shuffle_local3,41,2000,76.1487
shuffle_local3,41,3000,69.5375
shuffle_nondeterministic,0,100,963.9679
shuffle_nondeterministic,0,300,880.9091
shuffle_nondeterministic,0,500,610.5365
shuffle_nondeterministic,0,1000,458.7377
shuffle_nondeterministic,0,2000,373.2657
shuffle_nondeterministic,0,3000,337.7903
shuffle_nondeterministic,14,100,962.0444
shuffle_nondeterministic,14,300,856.2024
shuffle_nondeterministic,14,500,631.0849
shuffle_nondeterministic,14,1000,442.9215
shuffle_nondeterministic,14,2000,380.9997
shuffle_nondeterministic,14,3000,339.8866
shuffle_nondeterministic,41,100,963.951
shuffle_nondeterministic,41,300,895.4912
shuffle_nondeterministic,41,500,613.8015
shuffle_nondeterministic,41,1000,465.6735
shuffle_nondeterministic,41,2000,372.421
shuffle_nondeterministic,41,3000,334.7829
